<?xml version="1.0" encoding="UTF-8"?>
<details>
  <student id="121">
    <Rollno>p156048</Rollno>
    <depart>EE</depart>
    <Progress_status>I</Progress_status>
    <synopsis>
      <img src="memcard03040004020402_02.pdf"/>
    </synopsis>
    <thesis>
      <img src="memcard03040004020402_02.pdf"/>
    </thesis>
  </student>
  <student id="p15-6094@nu.edu.pk">
    <Rollno>p15-6094@nu.edu.pk</Rollno>
    <depart>CS</depart>
    <Progress_status>H</Progress_status>
    <synopsis>
      <img src="memcard03040004020402_02.pdf"/>
    </synopsis>
    <thesis>
      <img src="memcard03040004020402_02.pdf"/>
    </thesis>
  </student>
  <student id="p15-6150">
    <Rollno>p15-6150</Rollno>
    <depart>CS</depart>
    <Progress_status>H</Progress_status>
    <synopsis>
      <img src="memcard03040004020402_02.pdf"/>
    </synopsis>
    <thesis>
      <img src="memcard03040004020402_02.pdf"/>
    </thesis>
  </student>
  <student id="p15-6150">
    <Rollno>p15-6150</Rollno>
    <depart>CS</depart>
    <Progress_status>H</Progress_status>
    <synopsis>
      <img src="memcard03040004020402_02.pdf"/>
    </synopsis>
    <thesis>
      <img src="memcard03040004020402_02.pdf"/>
    </thesis>
  </student>
</details>
