<?xml version="1.0" encoding="UTF-8"?>
<feedback>
  <student id="p156058@nu">
    <tname>faidsa</tname>
    <temail>slfasdf$</temail>
    <website>unknow</website>
    <message>dfskfdkf</message>
  </student>
  <student id="p156058@nu.edu.pk">
    <tname>fasisal</tname>
    <temail>p156058@nu.edu.pk</temail>
    <website>lkskfskladf</website>
    <message>lkjsfdsjndjsnjdnjsndjsnjdjsjdnsjdjsnjdnjsndjsjdnjsndjnsjdnjsnjdnsjndjsnjdnsjndjasnjsnjfnsdjfnnnnlsdjflsdjf</message>
  </student>
  <student id="p15-6058">
    <tname/>
    <temail/>
    <website/>
    <message/>
  </student>
  <student id="p15-6058">
    <tname/>
    <temail/>
    <website/>
    <message/>
  </student>
  <student id="p15-6058">
    <tname/>
    <temail/>
    <website/>
    <message/>
  </student>
  <student id="p15-6058">
    <tname/>
    <temail/>
    <website/>
    <message/>
  </student>
  <student id="p15-6058">
    <tname/>
    <temail/>
    <website/>
    <message/>
  </student>
  <student id="p15-6058">
    <tname></tname>
    <temail></temail>
    <website></website>
    <message></message>
  </student>
</feedback>
