<?xml version="1.0"?>
<details>


  
<student id="p156058"><name>Mansoor Ahmed</name><city>islamabad</city><address>lol</address><username>p156058</username><email>p156069@gmail.com</email><password>lol</password></student><student id=""><name/><city/><address/><username/><email/><password/></student><student id=""><name/><city/><address/><username/><email/><password/></student><student id="shaka"><name>shaka</name><city>islamabad</city><address>nhi pata</address><username>shaka</username><email>shaka@lol.com</email><password>lol</password></student><student id="p156150"><name>shahkarkhan</name><city>peshawar</city><address>hayatbad phase 6</address><username>p156150</username><email>p156150@nu.edu.pk</email><password>fast123</password></student><student id="p156069"><name>mansoor</name><city>peshawar</city><address>hayatbad phase 7</address><username>p156069</username><email>p156069@nu.edu.pk</email><password>student123</password></student><student id=""><name/><city/><address/><username/><email/><password/></student><student id="p156027"><name>hamza</name><city>islamabad</city><address>hayatbad phase 5</address><username>p156027</username><email>p156027@nu.edu.pk</email><password>admin123</password></student><student id=""><name/><city/><address/><username/><email/><password/></student><student id=""><name/><city/><address/><username/><email/><password/></student><student id="admin"><name>khan</name><city>islamabad</city><address>hayatbad phase 4</address><username>admin</username><email>admin@gmail.com</email><password>123</password></student><student id=""><name/><city/><address/><username/><email/><password/></student></details>
